"FullName","Length","LastWriteTime"
"F:\GitHub\AgenticRequestSystem\Logs",,"10/8/2025 7:33:15 AM"
"F:\GitHub\AgenticRequestSystem\MockFS",,"10/8/2025 7:08:32 AM"
"F:\GitHub\AgenticRequestSystem\Modules",,"10/8/2025 5:46:40 AM"
"F:\GitHub\AgenticRequestSystem\OpenManus",,"10/8/2025 6:11:41 AM"
"F:\GitHub\AgenticRequestSystem\Scripts",,"10/8/2025 9:38:18 AM"
"F:\GitHub\AgenticRequestSystem\.gitignore","294","10/7/2025 11:20:05 PM"
"F:\GitHub\AgenticRequestSystem\CHANGELOG.md","594","10/8/2025 6:07:59 AM"
"F:\GitHub\AgenticRequestSystem\LICENSE","1089","10/8/2025 5:56:49 AM"
"F:\GitHub\AgenticRequestSystem\README.md","1306","10/7/2025 2:31:41 PM"
"F:\GitHub\AgenticRequestSystem\Logs\DirectoryStructure_81bfbb94-a2d9-48d7-90fe-71444304fc6f.csv","0","10/8/2025 9:43:48 AM"
"F:\GitHub\AgenticRequestSystem\MockFS\input",,"10/8/2025 7:08:32 AM"
"F:\GitHub\AgenticRequestSystem\MockFS\logs",,"10/8/2025 7:08:32 AM"
"F:\GitHub\AgenticRequestSystem\MockFS\output",,"10/8/2025 7:08:32 AM"
"F:\GitHub\AgenticRequestSystem\MockFS\Scripts",,"10/8/2025 6:51:39 AM"
"F:\GitHub\AgenticRequestSystem\MockFS\Scripts\mock-cleanup.ps1","241","10/8/2025 6:51:11 AM"
"F:\GitHub\AgenticRequestSystem\MockFS\Scripts\mock-transform.ps1","439","10/8/2025 6:50:04 AM"
"F:\GitHub\AgenticRequestSystem\MockFS\Scripts\mock-validate.ps1","353","10/8/2025 6:52:14 AM"
"F:\GitHub\AgenticRequestSystem\Modules\CopilotFeedback.psm1","291","10/7/2025 10:50:01 PM"
"F:\GitHub\AgenticRequestSystem\Modules\Display.psm1","518","10/7/2025 10:49:07 PM"
"F:\GitHub\AgenticRequestSystem\Modules\Log.psm1","1329","10/8/2025 5:50:01 AM"
"F:\GitHub\AgenticRequestSystem\Modules\OpenManusBridge.psm1","0","10/8/2025 5:46:17 AM"
"F:\GitHub\AgenticRequestSystem\Modules\Permissions.psm1","366","10/7/2025 10:51:01 PM"
"F:\GitHub\AgenticRequestSystem\Modules\UXDisplay.psm1","411","10/8/2025 5:45:17 AM"
"F:\GitHub\AgenticRequestSystem\Modules\Validate.psm1","3036","10/8/2025 5:42:24 AM"
"F:\GitHub\AgenticRequestSystem\OpenManus\Modules",,"10/8/2025 6:12:12 AM"
"F:\GitHub\AgenticRequestSystem\OpenManus\Monitor",,"10/8/2025 6:01:48 AM"
"F:\GitHub\AgenticRequestSystem\OpenManus\manifest.json","161","10/7/2025 6:15:44 PM"
"F:\GitHub\AgenticRequestSystem\OpenManus\Modules\Modules.psd1","661","10/8/2025 6:12:35 AM"
"F:\GitHub\AgenticRequestSystem\OpenManus\Monitor\OpenManusMonitor.ps1","0","10/7/2025 6:03:39 PM"
"F:\GitHub\AgenticRequestSystem\Scripts\AgenicRequest.ps1","705","10/8/2025 8:42:13 AM"
"F:\GitHub\AgenticRequestSystem\Scripts\Export-DirectoryStructure.ps1","384","10/8/2025 8:45:50 AM"
"F:\GitHub\AgenticRequestSystem\Scripts\Generate-TestReport.ps1","395","10/8/2025 9:22:59 AM"
"F:\GitHub\AgenticRequestSystem\Scripts\Invoke-Transformation.ps1","332","10/8/2025 9:24:03 AM"
"F:\GitHub\AgenticRequestSystem\Scripts\Load-VirtualFS.ps1","510","10/8/2025 9:25:17 AM"
"F:\GitHub\AgenticRequestSystem\Scripts\Log-FileAction.ps1","306","10/8/2025 9:29:20 AM"
"F:\GitHub\AgenticRequestSystem\Scripts\Monitor-AgentQueue.ps1","540","10/8/2025 9:30:04 AM"
"F:\GitHub\AgenticRequestSystem\Scripts\PrintQueue.ps1","223","10/8/2025 9:30:45 AM"
"F:\GitHub\AgenticRequestSystem\Scripts\Reflect-ToDisk.ps1","302","10/8/2025 9:32:57 AM"
"F:\GitHub\AgenticRequestSystem\Scripts\RunBatchAgenticCycle.ps1","314","10/8/2025 9:33:31 AM"
"F:\GitHub\AgenticRequestSystem\Scripts\StepManager.ps1","310","10/8/2025 9:34:15 AM"
"F:\GitHub\AgenticRequestSystem\Scripts\StopJob.ps1","479","10/8/2025 9:35:10 AM"
"F:\GitHub\AgenticRequestSystem\Scripts\Store-VirtualFS.ps1","0","10/8/2025 9:37:56 AM"
"F:\GitHub\AgenticRequestSystem\Scripts\Sweep-And-Verify.ps1","372","10/8/2025 9:35:33 AM"
"F:\GitHub\AgenticRequestSystem\Scripts\Test-OpenManus.ps1","629","10/8/2025 9:36:26 AM"
"F:\GitHub\AgenticRequestSystem\Scripts\ValidateOutput.ps1","274","10/8/2025 9:37:08 AM"
